filename, kiwi
38_jpg.rf.03690abc78eac422a09b6ddf2d50d7b7.jpg, 1
30_jpg.rf.1c475498da170e72fa5a1716b76292c1.jpg, 1
51_jpg.rf.3f0f43c1f7291ad1ec4a388b31ba3601.jpg, 1
9_jpg.rf.35b00814e6b3695b5d4c819f074edc80.jpg, 1
2_jpg.rf.0517e58ccbd7dc361dfb3c44175b9d90.jpg, 1
17_jpg.rf.0bb882b09b540cfbe0ffe454352ac073.jpg, 1
58_jpg.rf.2bf9b80c4244801f43f3fe4bc281222b.jpg, 1
44_jpg.rf.17819579881955935cb0ae551aa50586.jpg, 1
5_jpg.rf.2f2994d39826f64de5fb49a161aacb31.jpg, 1
49_jpg.rf.19daf5fc022df596a392c53e3ae20338.jpg, 1
45_jpg.rf.48f5b10c46fc2b58d761925b90be6cfc.jpg, 1
33_jpg.rf.374750d06197e522f5605a5253c45167.jpg, 1
4_jpg.rf.49272c36b17905f220b1e10a5e6908ca.jpg, 1
26_jpg.rf.4c52cdd75c4e9adabbf6d3b5f4302309.jpg, 1
14_jpg.rf.2b0a8bf47e2b5a2cfe1b95d54ebe4ceb.jpg, 1
54_jpg.rf.0a08d5f579cb1a2de246704ca31cafe4.jpg, 1
35_jpg.rf.31d85fee88ea4a6f7127873b9e79cc05.jpg, 1
21_jpg.rf.4eb761ef2c420a3b5d4788cdd0208a89.jpg, 1
12_jpg.rf.6d1622d93bb04f7ef139a9ceb9ec06c1.jpg, 1
64_jpg.rf.51752947ffc0b679e19d817d8053fcb6.jpg, 1
59_jpg.rf.8e8c45125936df0618b2ad0d0aa3676b.jpg, 1
39_jpg.rf.54b78ac395646379a4a9a1c71538bfa1.jpg, 1
19_jpg.rf.e2018648c99a0158130061c91c205705.jpg, 1
36_jpg.rf.92366641eafa0b77991d5c87502539ca.jpg, 1
28_jpg.rf.f00ac94a94b4270de35477b2f4b0bad2.jpg, 1
52_jpg.rf.a222a2d34d3651c84b3f4fa7989f621c.jpg, 1
25_jpg.rf.576074d1abcb2846d7891c1fc0aebae7.jpg, 1
61_jpg.rf.8543d2128236f64b298da80297a17a2b.jpg, 1
48_jpg.rf.9a9e17897bf07db991f63f8f2b372535.jpg, 1
29_jpg.rf.a3b0a5c86c899e4f3ff63d8c9fb604ea.jpg, 1
57_jpg.rf.a778cdb9ba02f8916415261d2d904481.jpg, 1
40_jpg.rf.bf9d613aa85890bc009e404c4e39867e.jpg, 1
1_jpg.rf.9e35f8d66d4cb8ef415ba79d086744de.jpg, 1
13_jpg.rf.86711be57ef9304b4ed56a36efd4f29e.jpg, 1
23_jpg.rf.b65a5365734940984be8bce2da90be87.jpg, 1
41_jpg.rf.c92d0d4812cd2c446fcc91c472044628.jpg, 1
60_jpg.rf.610e17369ea1162b0761e0faaf69172d.jpg, 1
34_jpg.rf.c0d082dad6226c2f5fa6de274f44b8c5.jpg, 1
31_jpg.rf.e34ef03a9e7dc205f46af6cc8bfa6d12.jpg, 1
62_jpg.rf.b7568838f0218c185115799bbe157847.jpg, 1
37_jpg.rf.e33fb5fe4ef44c1ad78edd9e81aad007.jpg, 1
3_jpg.rf.f1dadf1f43b9b751c59c546565b44484.jpg, 1
20_jpg.rf.74d7a4e4290fe6be054056a4afbfc667.jpg, 1
53_jpg.rf.f5d33120f6d85a83b04318e95fe5aeb7.jpg, 1
65_jpg.rf.8a7dab1d3e0a17993422e06016c6c07a.jpg, 1